Video ID,Title,Published At,Views,Likes,Dislikes,Comments
VeRPzUT4Qv0,SIDEMEN PRO CLUBS BUT THERE’S AN IMPOSTER,2024-01-04T18:00:14Z,1589899,70318,0,1694
H_ezm4iDEc4,SIDEMEN SAVAGELY RANK THEMSELVES,2024-01-02T21:33:18Z,2161170,74787,0,2150
tND6QdKBk84,SIDEMEN GUESS THE LYRIC: CHRISTMAS EDITION,2023-12-30T20:00:30Z,1390029,56892,0,696
uqv-oC-Izi8,SIDEMEN AMONG US BUT THE IMPOSTERS HAVE MAGIC POWERS,2023-12-28T17:30:07Z,4129987,176538,0,3378
j7HNpGxBw4I,SIDEMEN CHRISTMAS MUKBANG,2023-12-26T15:50:37Z,1959241,82725,0,1564
5I1Gmbw6BLk,THE WORLD’S BEST CHRISTMAS MOVIE: THE NAUGHTY LIST,2023-12-24T19:30:00Z,2570986,216447,0,3692
k6Xsm3_2bac,THE WORLD’S WORST CHRISTMAS MOVIE: THE SPY WHO LOVED EGGNOG,2023-12-24T19:30:05Z,2061931,180229,0,1883
ZXnPWCTTieU,SIDEMEN SECRET SANTA: OUTRAGEOUS GIFTS,2023-12-23T19:45:00Z,2737339,109121,0,1025
mcTpep5uoZ8,SIDEMEN AMONG US BUT ITS ONLY THE BEST ROLES,2023-12-21T18:00:31Z,4720431,193419,0,3643
6PhM0ItUeyA,SIDEMEN PLAY THE NEW AMONG US (LETHAL COMPANY),2023-12-20T17:00:03Z,2572225,116201,0,2188
hnXq7NoZtmE,GOODBYE KSI,2023-12-16T20:00:14Z,2093007,84436,0,1267
hN0xpuih8zo,SIDEMEN AMONG US: COPS VS ROBBERS ROLES,2023-12-14T18:00:31Z,4219362,166249,0,3315
pPgZzqFsztI,SIDEMEN CHRISTMAS IS HERE,2023-12-12T19:00:30Z,2421909,98145,0,1113
16RX6rKJle8,SIDEMEN AMONG US: BLINDFOLD EDITION,2023-12-07T19:25:12Z,4486910,185075,0,3793
r103jJ-yq_I,SIDEMEN PLAY THE END OF FORTNITE OG,2023-12-02T20:49:34Z,1947344,78702,0,943
qGXChYkw2K0,CAN THE SIDEMEN FIND THE IMPOSTER?,2023-11-30T19:00:20Z,2637243,112542,0,1234
w0ZY8ZihTQM,SIDEMEN PRANK TEXT ROULETTE,2023-11-28T19:00:24Z,3151194,158282,0,1918
AzRSfSjd62w,SIDEMEN ULTIMATE CHOICE CHALLENGE,2023-11-25T20:00:04Z,2068333,88049,0,2000
WrApP7qePsg,SIDEMEN PRO CLUBS BUT THEY’RE ACTUALLY GOOD?!,2023-11-23T19:00:12Z,1914046,76009,0,1139
cC3wxpFqEPw,SIDEMEN URBAN DICTIONARY CHALLENGE: OFFENSIVE,2023-11-21T18:30:27Z,2111230,91039,0,747
n7ppUqA0EuI,SIDEMEN GOLF COMPETITION,2023-11-11T21:00:18Z,1523878,60629,0,904
xt34vHxir9o,SIDEMEN GAME OF LIES,2023-11-02T20:00:30Z,2789319,115430,0,1676
Y1E6R13YD1Y,SIDEMEN AMONG US WIZARD ROLE: CURSE THE CREW TO WIN,2023-10-28T19:15:00Z,6273996,208350,0,5550
kiAO_WyacFk,SIDEMEN AMONG US CHAOS MODE BUT EVERYONE CAN HEAR EACHOTHER,2023-10-21T19:45:01Z,6113186,205057,0,3305
2znPbW_vpnI,SIDEMEN PRO CLUBS VS FULL XI,2023-10-12T18:00:02Z,2999584,105508,0,1347
A87kkzsl1Wo,SIDEMEN AMONG US VAMPIRE ROLE: BITE EVERYONE TO WIN,2023-10-07T20:00:02Z,7010363,200210,0,4045
lYRDD_drRuI,SIDEMEN AMONG US SPY ROLE: THE IMPOSTER HAS A HIDDEN CAMERA,2023-10-03T16:30:13Z,5635974,218730,0,2896
tRfuVKMahn0,A WHAT?!,2023-09-29T11:08:49Z,159696,10602,0,98
k3_2aAX7074,Can you guess this impossible link?,2023-09-28T17:54:06Z,2198288,125015,0,184
mVrslc5llIE,SIDEMEN OFFENSIVE TRY NOT TO LAUGH: HARRY EDITION,2023-09-27T16:00:39Z,6008135,278067,0,4478
HXAmOtRkbbc,VIK LOSES IT,2023-09-23T21:01:10Z,976437,65001,0,220
mRl0asJTDcg,FAMOUS LAST WORDS,2023-09-20T07:41:31Z,465323,27370,0,40
q53G5hZ9M10,SIDEMEN VS DARTS PRO,2023-09-06T17:30:08Z,2307190,91794,0,1527
v-7kWK7FOUQ,SIDEMEN AMONG US: BOUNTY HUNTER ROLE,2023-08-30T18:30:55Z,6064248,187403,0,3591
TGUKfF3Lgag,SIDEMEN AMONG US CAMO ROLE: EVERYONE LOOKS THE SAME,2023-08-08T19:30:17Z,6805656,211084,0,4434
gu7gFE3LXJk,REVEALING THE WORLD'S RICHEST YOUTUBER,2023-07-26T12:40:39Z,2717674,179352,0,323
KVEdGXVLR7w,VIOLATION,2023-07-24T21:01:31Z,1393042,84816,0,221
N3QoIElW8Xk,THE MOST EXPLOSIVE SIDEMEN AMONG US EVER,2023-07-22T18:02:48Z,9021901,250738,0,4039
uC7y26toluY,SIDEMEN AMONG US: KSI'S ULTIMATE MELTDOWN,2023-07-01T17:30:06Z,8260950,218871,0,3184
J5pDQECdXH0,ASKING MILLIONAIRES WHAT THEY DO FOR A LIVING,2023-06-29T15:33:56Z,1699171,113377,0,494
DSyxutyAamg,HE WAS CHEATED,2023-06-27T16:17:04Z,1845109,121272,0,816
PgaoiLrpXcM,HE DID THE IMPOSSIBLE,2023-06-25T15:35:05Z,704970,43525,0,963
1w_i57wJGiE,SIDEMEN MAFIA: KSI EDITION,2023-06-24T19:00:02Z,3716875,161709,0,3386
pomR164NbDc,SIDEMEN ATTEMPT PARKOUR,2023-06-22T17:30:05Z,2697893,101494,0,1563
Gt_g-melol4,SIDEMEN GIANT BATTLESHIPS: FOOD FORFEITS,2023-06-20T19:30:03Z,3013251,119655,0,1489
dn8asYYXEcg,SIDEMEN AMONG US CHAOS MODE: OLATUNJI EDITION,2023-06-16T17:30:04Z,9406197,264078,0,6531
PJbIhBmSR7Y,THE ROAST OF KSI,2023-06-14T17:30:04Z,2522379,104143,0,2048
SWGKdtRsL3o,THE FIRST SIDEMEN WEDDING,2023-06-12T17:00:27Z,2432160,113580,0,1213
Mqk8Z1ek2sM,KSI MONEY CHALLENGE,2023-06-09T11:25:53Z,789215,39743,0,179
9InrNkZropk,SIDEMEN REVERSE CATEGORIES,2023-06-06T17:30:01Z,3657640,170379,0,2110
2vePCzefMs8,SIDEMEN THE PRICE IS RIGHT,2023-06-03T17:00:03Z,3611851,139431,0,2164
UfQ71FSwRqI,SIDEMEN GUESS THE CELEBRITY,2023-06-01T17:30:43Z,3037569,121763,0,1284
JBE0DDwZ0TY,THE BIGGEST CLUTCH IN AMONG US HISTORY,2023-05-31T11:48:19Z,4351844,330910,0,588
bsyVBpdgYlE,SIDEMEN AMONG US TRAITOR ROLE: BETRAY THE CREW TO WIN,2023-05-30T18:46:34Z,11174802,274825,0,4687
jYGlIjAbXVU,SIDEMEN DUMBEST GUESS THE LYRIC,2023-05-27T17:00:18Z,3486294,128472,0,2036
6eiEgL_fk7w,KSI FALL GUYS MASTERCLASS,2023-05-25T17:44:12Z,2538452,119184,0,1339
7zMzI1t8mIU,SIDEMEN AMONG US: LOVERS ROLE (KSI RETURNS),2023-05-23T18:00:05Z,8688893,248870,0,5765
NdxxDrLn_kI,SIDEMEN CHEAP VS EXPENSIVE FOOD CHALLENGE,2023-05-16T21:19:05Z,3337600,103057,0,1312
0NRa_5TVtIQ,SIDEMEN MAFIA (REAL LIFE AMONG US),2023-05-13T17:30:00Z,3070484,144557,0,2769
PjuDnCP5sdM,SIDEMEN AMONG US BUT THE IMPOSTER CAN USE AI,2023-05-11T17:30:04Z,7914031,262019,0,3294
0D18b_wajNM,THE GREATEST SIDEMEN SUNDAY EVER,2023-05-06T18:09:28Z,2804878,106634,0,1794
da9dMCaNOeI,SIDEMEN AMONG US ULTIMATE CHAOS MODE,2023-05-04T18:30:05Z,7791172,221124,0,3899
wIiUYJzknrM,SIDEMEN WHO IS MORE FAMOUS?,2023-04-29T19:00:31Z,1862101,77177,0,864
JrZRNRbN1uU,The Indian Messi,2023-04-28T10:55:19Z,353027,25632,0,267
VxzpifmEEes,SIDEMEN AMONG US BUT THE IMPOSTER HAS SUPER SPEED,2023-04-27T17:00:13Z,10546759,225744,0,3192
J7NVKe5gxJ4,KSI LEAVES THE SIDEMEN FOR BETA SQUAD,2023-04-26T11:41:56Z,2706528,131056,0,112
oETE6dW4HAE,THE LAST EVER SIDEMEN GTA,2023-04-25T18:30:40Z,4169868,133894,0,2090
tfAo4dNFWg8,SIDEMEN AMONG US BUT THE IMPOSTER IS SUPER SIZED,2023-04-21T17:00:24Z,7683414,229051,0,3425
VQfMTddo-6w,HE WAS A BILLIONAIRE FOR A DAY,2023-04-20T15:38:23Z,6927081,411472,0,292
JspWFbynlmk,SIDEMEN BRUTAL YOUTUBER RANKING,2023-04-19T19:49:58Z,2786202,118396,0,4738
MzGY92wq1aI,HARRY WANTS TO FEEL THE RUSH,2023-04-18T09:18:49Z,494382,25241,0,45
1qhaxUh6OKk,SIDEMEN MUSIC BATTLE,2023-04-17T17:30:00Z,2387839,103968,0,2688
Wb_Erxso2gA,SIDEMEN MONOPOLY,2023-04-12T19:53:35Z,3527596,112973,0,2633
DNF8ZTTedc4,SIDEMEN GTA IS BACK,2023-04-09T17:54:11Z,3002417,131115,0,3910
J4SkprRPN3E,SIDEMEN 5 SECOND CHALLENGE: CONTROVERSIAL EDITION,2023-03-31T18:30:25Z,4099110,210461,0,4617
KmGdhs-ZsKE,GUINNESS WORLD RECORD: LONGEST GAME EVER,2023-03-30T21:18:09Z,519948,29847,0,46
p2sJTZrGjRY,SIDEMEN IS IT REAL OR PHOTOSHOP CHALLENGE,2023-03-29T18:00:31Z,4117768,155239,0,1782
BVSha8Mxqxk,CAN YOU GUESS THE MODEL?,2023-03-25T10:55:23Z,393486,19794,0,83
F_qAWzfl4As,SIDEMEN REVERSE HIDE & SEEK,2023-03-24T18:00:05Z,2743231,120092,0,1338
vrhn4Z5L8vQ,HE WAS TELLING THE TRUTH!,2023-03-21T16:14:37Z,2410995,173175,0,188
QQu002q5ZsE,CAN THE SIDEMEN FINALLY WIN?!,2023-03-17T19:00:12Z,2257654,90432,0,1010
fV0od5XtjWk,The drowning child in a wheelchair,2023-03-16T12:59:43Z,566223,31038,0,128
LMhr0GTcgoM,YOU WON'T BELIEVE THIS,2023-03-15T17:27:28Z,742886,56368,0,82
0l_MMbRNA2A,"Ethan, what do cows drink?",2023-03-14T09:29:12Z,650122,28915,0,51
5Cortkj-0ZU,SIDEMEN VS FALL GUYS PRO,2023-03-08T19:15:00Z,2069477,87254,0,818
A2l8cMSH3NA,SIDEMEN REACT TO HATE COMMENTS,2023-03-06T19:32:53Z,5113819,179385,0,1681
ozJalVCN0EE,SIDEMEN AMONG US BUT THE IMPOSTER CAN HIDE BODIES!,2023-03-03T18:30:46Z,10807662,275253,0,4093
KDLCY7PwSHA,KSI ABSORBS XIX VODKA,2023-03-02T15:37:01Z,429041,22969,0,41
TJhHFV5MmH8,SIDEMEN OFFENSIVE TRIVIA,2023-03-01T19:30:04Z,3306396,124313,0,866
Yh3lNAg1WmE,KSI's Worst Ever Voice Crack,2023-02-28T16:50:59Z,545136,31655,0,84
Xo77qnPEOPc,SIDEMEN GUESS THE MODEL,2023-02-27T19:30:04Z,5554093,187112,0,2192
Ap0cmjjAd-A,Pull KSI's finger,2023-02-25T19:08:44Z,651906,33933,0,76
DFn458n_KrQ,SIDEMEN AMONG US BUT THE IMPOSTOR IS INVISIBLE,2023-02-24T18:00:09Z,10082647,245282,0,3768
TjnSLHkGt88,Sidemen Among Us FAIL,2023-02-23T10:34:24Z,624760,33403,0,93
45FVxyJYh5s,"SIDEMEN $10,000 GUESS THE WORD CHALLENGE",2023-02-22T20:00:01Z,2318901,107634,0,1041
gOhDPwxzKFg,SIDEMEN UNO SHOWDOWN,2023-02-20T20:00:15Z,3435433,132212,0,2008
bvPasyEIdFk,Which flag is correct?,2023-02-20T12:18:24Z,287533,13474,0,43
G2f0BIHN7KQ,SIDEMEN FLAG CHALLENGE,2023-02-15T18:15:00Z,3768741,142392,0,2747
7T0lXKFf3DQ,THE THROAT GOAT,2023-02-14T14:00:04Z,2004337,182864,0,851
Wj4wZvsTaZk,SIDEMEN GARTIC PHONE: OFFENSIVE EDITION,2023-02-13T18:08:18Z,3103650,145060,0,1416
7T0lXKFf3DQ,THE THROAT GOAT,2023-02-14T14:00:04Z,2004337,182864,0,851
Wj4wZvsTaZk,SIDEMEN GARTIC PHONE: OFFENSIVE EDITION,2023-02-13T18:08:18Z,3103650,145060,0,1416
iEho7SlNJZ0,The Most OUTRAGEOUS YouTube Moment 2023,2023-02-11T11:19:48Z,4157506,268042,0,177
H_lWVuWb2_M,SIDEMEN ‘MAN VS FOOD’ CHALLENGE,2023-02-10T19:45:01Z,4745899,148516,0,1999
xoLXhBmPPMI,Why Tobi is LEAVING The Sidemen,2023-02-09T11:00:42Z,2494879,169084,0,601
HCAwyA-vKvQ,SIDEMEN AMONG US VS BETA SQUAD,2023-02-08T18:00:08Z,4165830,173481,0,2093
lHTkzZ3ocb0,Most Likely Sidemen To Get CANCELLED,2023-02-06T19:15:03Z,2683907,145961,0,2016
acPJgMzAYiU,HE WAS *CAUGHT RED HANDED*,2023-02-04T17:04:19Z,1216463,62797,0,80
H8kb5DVm07Q,SIDEMEN YOUTUBE AWARDS,2023-02-03T21:30:01Z,2950815,125000,0,2116
g6Y6qXGH5iI,SIDEMEN ONE WORD INTERVIEW,2023-01-30T18:30:47Z,4246998,192478,0,2148
eQ8htMVTC8g,SIDEMEN AMONG US CHAOS MODE,2023-01-27T18:35:30Z,15292013,304790,0,5180
_YRHU0acMkU,SIDEMEN ASSOCIATION CHALLENGE,2023-01-23T18:30:26Z,3922264,146109,0,1792
sOPOoQsgoIo,SIDEMEN NOOB VS PRO ROCKET LEAGUE,2023-01-20T19:30:04Z,2127319,95266,0,1472
MYbQTNdUdPU,SIDEMEN AMONG US SHERIFF ROLE: The DUMBEST Lobby EVER,2023-01-16T18:00:15Z,12431979,324156,0,6049
M-4J8v7tqNo,Do All The Sidemen Think The Same?,2023-01-11T18:30:26Z,3270995,144390,0,2309
wBfruAkYnFs,THIS is the greatest SIDEMEN video EVER,2022-12-30T18:00:19Z,3654717,131853,0,2794
w6eqbCLinB4,SIDEMEN AMONG US JESTER ROLE,2022-12-28T18:15:05Z,12998247,306304,0,4891
opu6Bl5IQHk,SIDEMEN EXTREME COP CHASE CHALLENGE ON GTA 5,2022-12-27T18:30:39Z,2809965,106557,0,1178
d6L5_TWzwEg,SIDEMEN SECRET SANTA,2022-12-24T18:30:36Z,4411547,185932,0,2380
QvJ1pW8tjRA,SIDEMEN REVERSE HIDE & SEEK ON KSI'S MEGA YACHT,2022-12-23T18:00:08Z,3560226,172884,0,1461
znLKDpynqBg,SIDEMEN GTA MEME OLYMPICS 2,2022-12-22T18:30:59Z,4688340,188206,0,2380
iB0GEz-BGko,BUY CHRISTMAS DRILLINGS TODAY!,2022-12-22T11:02:02Z,656236,41923,0,419
wBRT3F6V0lw,Sidemen - Christmas Drillings EDM REMIX (Official Music Video),2022-12-21T19:00:18Z,648457,35022,0,1642
4zJQb4f4sYM,SIDEMEN BOX OF LIES 2,2022-12-20T18:38:45Z,4375357,191743,0,2410
tfyYS4YKkVI,Harry Potter’s doppelgänger,2022-12-20T08:25:34Z,954558,59336,0,162
pZLlKgoCK38,Sidemen - Christmas Drillings HOUSE REMIX (Official Lyric Video),2022-12-19T19:20:50Z,779194,50028,0,2086
B1TNOaxRarM,SIDEMEN vs LUCKY BLOCKS in MINECRAFT,2022-12-18T20:00:02Z,2889828,130792,0,1818
QQLBfSuWajU,SIDEMEN GRENADE GAME ON GTA 5,2022-12-17T17:30:02Z,2612141,97852,0,1139
quNMhwjO1pc,SIDEMEN CARDS AGAINST HUMANITY,2022-12-16T18:00:32Z,4889811,202302,0,3483
UsPF3szJXc4,SIDEMEN GET CANCELLED CHALLENGE,2022-12-14T17:36:37Z,3650891,151219,0,1964
WEK25KcWRjs,SIDEMEN TINDER: AMONG US EDITION,2022-12-13T17:00:17Z,5979916,251702,0,2871
wcwI9inrjmw,The Moment That CANCELLED Vikkstar,2022-12-11T09:15:40Z,1120234,72989,0,450
RKesgidXOLw,SIDEMEN COMPLETE THE LONGEST RACE ON GTA 5,2022-12-10T17:15:00Z,3030469,110364,0,1464
lBOpnhOTmT8,SIDEMEN DRAW THE LOGO CHALLENGE,2022-12-09T21:00:16Z,3890871,139945,0,1503
GkzKLooTuM4,How KSI Lost The WILDEST Sidemen Forfeit EVER,2022-12-09T11:21:46Z,750077,40589,0,134
H-HqOFvZ0g8,SIDEMEN REAL OR FAKE CHALLENGE,2022-12-08T17:00:19Z,5609164,183653,0,2362
1HaLHmAbp1Y,THE MOST OFFENSIVE SIDEMEN FORFEIT EVER,2022-12-07T18:00:01Z,3039191,163023,0,1992
z25sy6dtaiM,SIDEMEN OFFENSIVE 5 SECOND CHALLENGE,2022-12-06T18:00:20Z,7159469,280487,0,2155
_Toh-U1u3_Q,KSI QUITS SIDEMEN AMONG US FOREVER,2022-12-05T17:00:19Z,9603894,267278,0,3128
2eGcnO-Hq60,Somebody Call The Authorities,2022-12-05T07:50:12Z,1580886,79422,0,189
ddyHiDD27Us,Sidemen - This or That (Official Music Video),2022-12-04T18:30:34Z,8374587,525297,0,11252
sXDBXVjKbp8,Sidemen - Christmas Drillings Ft. JME (Official Music Video),2022-12-04T18:30:43Z,13945985,577373,0,18289
n5vAJu4tTIo,SIDEMEN BULLY HARRY ON GTA 5,2022-12-03T21:00:29Z,3507330,131470,0,1713
1PoWToj_gsc,SIDEMEN GO TO THE WORLD CUP,2022-12-02T21:00:01Z,2815832,106611,0,2318
-glrHuGgAC4,SIDEMEN EXTREME FEAR PONG,2022-12-01T21:16:49Z,4319309,178674,0,2974
JKWnAwQaRPU,SIDEMEN SABOTAGE KSI ON FORFEIT MARIO KART,2022-11-28T21:00:08Z,4486924,180377,0,1881
RqUT5vfizQk,KSI SHOCKS THE SIDEMEN,2022-11-28T10:35:08Z,1277728,60660,0,202
c4Ra1DTjSJc,SIDEMEN OFFENSIVE TRY NOT TO LAUGH,2022-11-26T21:00:12Z,12629931,430379,0,6151
e8nrpyUFY7Y,"SIDEMEN VS MR BEAST $100,000 YOUTUBER HUNGER GAMES",2022-11-24T17:30:07Z,5097598,256214,0,2944
QmCnhpdUEcE,SIDEMEN SUPERHERO WORLD CUP,2022-11-21T18:30:30Z,1767198,78174,0,1102
q--eNhElTMA,SIDEMEN GUESS THE FAKE LOGO CHALLENGE?,2022-11-14T18:31:16Z,4512359,163848,0,1900
0JWBQjbzjZ8,SIDEMEN AMONG US: CHAOTIC PROXIMITY CHAT RETURNS,2022-11-12T18:00:00Z,6734977,251758,0,3514
1GEV19NwJ-o,SIDEMEN HUMAN BOWLING CHALLENGE,2022-11-08T20:00:00Z,2912825,160974,0,1910
ULdxacAtCXg,The worst 13 minutes of W2S’s Life,2022-11-04T18:30:32Z,2524156,136510,0,1790
pCMFBlAUC0o,SIDEMEN GUESS THE EMOJI: YOUTUBER EDITION,2022-11-02T20:11:53Z,6099296,219555,0,2253
jKODA1wpLAY,SIDEMEN SPEED EATING CHALLENGE,2022-10-31T18:30:49Z,5264793,198147,0,1614
NEXKM44x2xA,SIDEMEN HALLOWEEN SPECIAL ON GTA 5,2022-10-29T18:30:16Z,3606642,144056,0,2266
lfy6ZRJgbPI,SIDEMEN PRO CLUBS IS BACK,2022-10-27T18:00:18Z,4464635,144234,0,2234
wNyghCDDUXE,SIDEMEN RUN FOR THEIR LIFE ON GTA 5,2022-10-25T18:30:34Z,3256917,130968,0,1854
qibdPGsl-Uo,SIDEMEN AMONG US BUT THE LOBBY HAS ZERO IQ,2022-10-21T18:00:27Z,7421830,242353,0,3116
2-5-tedW-Oo,SIDEMEN IS IT REAL OR CHOCOLATE?,2022-10-15T17:30:00Z,9579931,365153,0,3621
ZT63fgGhEXo,SIDEMEN AMONG US BUT HARRY CHEATS TO WIN?!,2022-10-13T18:00:28Z,9944979,286799,0,3543
TIByuYzBm_M,THE SIDEMEN SOCK OFF,2022-10-08T18:01:51Z,3884115,154430,0,1406
lQ4yShfLMTc,THE MOST KILLS SIDEMEN AMONG US HAS EVER SEEN,2022-10-04T16:30:13Z,7502569,290446,0,3297
hK8TODwxO2Q,SIDEMEN CHARITY MATCH: WHO SCORED THE BEST GOAL?!,2022-10-01T14:00:19Z,2034141,89544,0,2493
FLrZ1CASKPU,SIDEMEN PLAY THE GTA 6 LEAKS?!,2022-09-29T21:10:52Z,6785372,193572,0,3244
cHtX5sdZk5U,SIDEMEN RANK THE CHARITY MATCH PLAYERS,2022-09-27T20:39:19Z,4450327,192145,0,4276
VPjjiB01_jk,THIS IS SIDEMEN SUNDAY,2022-09-25T14:00:11Z,3824669,186590,0,2107
9OpHqD3UtDM,SIDEMEN FINISH THE LYRIC 4,2022-09-22T18:33:19Z,2999104,148327,0,10789
soWM9SQAzrg,KSI HUNTS THE SIDEMEN,2022-09-20T17:00:34Z,3140356,123128,0,2000
BOYzsFUEM-M,The Sidemen will be CANCELLED For This Video,2022-09-14T17:30:02Z,3183136,141685,0,1860
u6piXED39Eo,RETURNING TO THE SIDEMEN HOUSE,2022-09-12T17:30:11Z,3466858,148800,0,2314
AV1EjMjTQ7o,Sidemen FORFEIT Golf: SHOT IT or SLAP IT,2022-09-10T18:36:22Z,2519430,100212,0,1275
jARc6Hc-FX4,HARRY BEGS TO QUIT ON SIDEMEN GTA 5,2022-09-06T17:34:40Z,4360625,176259,0,3403
8w20jssX514,SIDEMEN YOUTUBER GUESS WHO,2022-09-01T19:47:50Z,5582090,234117,0,3581
FMDcHcf0ygE,Sidemen REVEAL Why JAKE PAUL will BEAT KSI,2022-08-30T17:30:03Z,3432830,149502,0,2547
2b-m2Stmiqc,SIDEMEN PRINGLES MUKBANG,2022-08-26T18:10:29Z,4571201,170762,0,3629
EFL9SwszJh8,SIDEMEN PLAY WORLD’S SCARIEST GAME,2022-08-24T17:30:01Z,4222293,202846,0,6447
8V-d72RgLDk,SIDEMEN GUESS THE EMOJI CHALLENGE,2022-08-22T17:32:18Z,5906635,220795,0,3432
aaF5PXqF0WY,DUMBEST SIDEMEN AMONG US EVER,2022-08-20T17:30:00Z,11974264,347584,0,7138
ZJ0Cx9BVu2Q,SIDEMEN TAKE AN IQ TEST,2022-08-18T17:40:42Z,4004031,166925,0,5319
W1KFmNda-VE,SIDEMEN GTA BUT LOSER GETS SLAPPED,2022-08-13T18:30:19Z,4543148,153560,0,1865
rWXQ3PdEfg4,SIDEMEN RAGE AT THE WORLD’S MOST IMPOSSIBLE GAME,2022-08-11T19:32:19Z,3269295,156318,0,3893
bmo3Nhh6hyE,SIDEMEN GTA: CRAZIEST FORFEIT WE’VE EVER DONE,2022-08-09T18:07:01Z,4204109,230490,0,3386
S5JWFCPVmaE,SIDEMEN BECOME SUPERHEROES,2022-08-06T18:00:17Z,2658591,112957,0,1689
7-7wQXCb4t4,Can KSI Win His FIRST Crown In Fall Guys?,2022-08-04T17:30:00Z,3653658,163879,0,1897
7ntHBqTGHVc,Who Is The DUMBEST Sidemen Member?,2022-08-01T19:22:39Z,7212200,256903,0,3813
nUtlweRn3tM,KSI & JAKE PAUL ARE SECRETLY FRIENDS?,2022-07-29T17:30:06Z,3808488,212841,0,3137
mUmJwJ40Sys,SIDEMEN EXTREME DARTS COMPETITION,2022-07-27T17:30:05Z,5403139,214326,0,2840
1N-oqpB4dL0,KSI MASTERCLASS VS GEOGUESSER PRO,2022-07-25T17:30:00Z,3666354,159307,0,2421
jNovz90-DeE,The Last EVER Sidemen Pro Clubs Episode,2022-07-21T19:45:02Z,4365308,199649,0,2442
RmyOi9BYZ20,SIDEMEN VS 50 BOTS ON FALL GUYS,2022-07-19T17:30:02Z,3412730,145047,0,1260
QH_qY2b_9e4,SIDEMEN HELP W2S GET HIS FIRST FORTNITE WIN,2022-07-16T17:00:12Z,2753045,140754,0,1618
bvTfEaiEFL0,SIDEMEN GIANT JENGA *PAINFUL*,2022-07-14T17:00:31Z,4506862,214327,0,2767
sqeDwQwNa9Q,SIDEMEN FORFEIT GOLF,2022-07-12T18:31:00Z,3152311,129567,0,1602
KvLJ1HNVhqY,SIDEMEN RAGE AT IMPOSSIBLE FALL GUYS MAP,2022-07-09T17:30:03Z,3214745,147564,0,1229
fHYs2iBi_Ak,SIDEMEN ELIMINATION TRON RACE ON GTA 5,2022-07-07T18:40:42Z,4808879,177816,0,1861
jBwHZrwzzJo,SIDEMEN PLAY BRAND NEW FALL GUYS,2022-07-05T20:00:12Z,4146765,180828,0,2152
zZs8phKPfEc,SIDEMEN MARIO KART: RAINBOW ROAD RAGE,2022-06-30T17:00:29Z,5438816,329931,0,3643
jQERm1ZRy3A,SIDEMEN RAGE AT WORLD'S MOST FRUSTRATING GAME,2022-06-28T18:10:01Z,3767824,294885,0,5125
meFEJW8jG9k,"SIDEMEN $100,000 MARIO KART RACE",2022-06-25T18:00:16Z,6527173,478796,0,7121
IFIEMSfggUk,SIDEMEN HACKED ON GTA 5 COPS VS ROBBERS,2022-06-23T17:00:09Z,3131850,136306,0,1615
zPNjdUlIOTg,SIDEMEN AMONG US BUT THE IMPOSTERS TRY TO VOTE EACH OTHER OUT,2022-06-21T18:00:22Z,13151626,315281,0,4431
fpZJhYcCDok,SIDEMEN ROCKET LEAGUE BUT ITS GOLF,2022-06-18T17:10:47Z,1871265,81124,0,909
7OD-43bSpLQ,SIDEMEN OLYMPICS 2022,2022-06-16T17:00:09Z,3625265,172073,0,2006
GHb8mPjgKes,SIDEMEN AMONG US: THE BEST SHAPESHIFTER YET,2022-06-14T18:15:01Z,16811608,368216,0,4825
LxMMXQcnpMw,SIDEMEN MINIGOLF BUT IT'S A RACE,2022-06-11T17:00:07Z,2363913,128426,0,1341
R-3G_ahhCFg,SIDEMEN AMONG US: THE WORST IMPOSTERS OF ALL TIME,2022-06-09T19:36:53Z,12371055,321119,0,4365
SxuxXyNpRwA,Who Is The SMARTEST Sidemen Member?,2022-06-07T17:00:14Z,6173224,213642,0,3739
tvN2bSuNmpw,SIDEMEN ASSUMPTIONS: ARE KSI & ANNE MARIE DATING?,2022-06-04T17:30:11Z,4965388,256354,0,2829
4XO4rWpF-RY,"KSI RACES THE SIDEMEN FOR $10,000 ON GTA 5",2022-06-02T17:00:02Z,5479351,192196,0,2122
g96hZkuEd4I,SIDEMEN 30 SECOND CATEGORIES CHALLENGE,2022-05-31T17:00:32Z,4880712,188467,0,2464
mNAu9iK7LfQ,SIDEMEN PRO CLUBS MEME OLYMPICS,2022-05-28T16:30:05Z,5684260,149254,0,1642
pn64jlJv-K0,SIDEMEN BLIND RPG BATTLE ON GTA 5,2022-05-26T18:00:16Z,3210541,125969,0,1511
nG1U8woaNqk,SIDEMEN GUESS EACHOTHERS PASSWORDS,2022-05-21T18:00:21Z,3931280,159069,0,1348
3QayEqR4feY,THE SIDEMEN FIND OUT WHO IS RICHER,2022-05-17T18:39:07Z,6209519,221795,0,2697
SMqiRKqOBkk,SIDEMEN WHISPER CHALLENGE 2,2022-05-12T18:00:07Z,5588529,300700,0,3188
hwMF8xJEbJg,SIDEMEN GUESS THE  GAME CHALLENGE,2022-05-10T19:00:11Z,3849957,185555,0,1847
mhxmgBoAr9U,SIDEMEN GOOGLE FEUD,2022-05-07T19:00:28Z,4738767,203753,0,2244
ag37jdQpi-0,SIDEMEN SHAPESHIFTER AMONG US  *GONE RIGHT*,2022-05-05T17:00:03Z,11850584,420332,0,5398
Z1Nv1VcsWeo,SIDEMEN GTA MEME OLYMPICS,2022-05-03T18:00:17Z,10089642,261133,0,3470
tCOaHMeZ6ow,SIDEMEN FLAG GAME,2022-04-30T18:45:02Z,4487139,207280,0,3873
v5M8TjxCu9w,SIDEMEN AMONG US BUT EVERYONE IS THIRD IMPOSTER,2022-04-28T18:00:27Z,10204709,283891,0,3798
ctOCc2Y_Wcc,Sidemen Quiplash but we forgot how to be funny...,2022-04-26T18:30:33Z,2110067,96494,0,1016
paIL5Y1DLTU,SIDEMEN AMONG US BIGGEST FAIL,2022-04-23T19:27:09Z,12805483,339763,0,4746
aM45-3_Dd8M,Sidemen Rap Battle but we diss ourselves...,2022-04-21T18:15:01Z,2499956,123314,0,3395
8OWSoMedlgI,THE REMATCH! - SIDEMEN GEOGUESSR DUEL,2022-04-18T18:00:02Z,3227926,122408,0,1950
qOgxE7NYQpY,SIDEMEN SLAP GAME,2022-04-09T18:00:11Z,4550746,213372,0,2590
Dn46-mv2iVc,SIDEMEN WATER GAME,2022-04-07T18:00:03Z,4711939,235441,0,4272
93eQTeeKxZg,SIDEMEN GEOGUESSR BULLSEYE MODE!,2022-04-04T18:00:02Z,2695128,97245,0,1602
HUkikzan9AE,SIDEMEN TRIPPY OLYMPICS,2022-03-29T18:15:00Z,2851905,87604,0,877
hx1Co8JD41U,SIDEMEN FALL GUYS IS BACK,2022-03-26T19:00:25Z,3951603,178900,0,2148
Wii9Ic1MRS8,SIDEMEN GEOGUESSR DUEL,2022-03-24T19:00:12Z,3549976,144733,0,2511
QIIO1RVaJO8,BRAND NEW SIDEMEN TRIVIAL PURSUIT,2022-03-22T19:00:06Z,1897797,83304,0,879
2QnFoPBAsQI,THE STRANGEST CAR EVER ON SIDEMEN GTA 5,2022-03-19T19:15:00Z,4072793,141303,0,1350
twGQpLHnUcY,BRAND NEW SIDEMEN SHELLSHOCK,2022-03-17T19:00:19Z,2128156,96842,0,1132
0ng08auig20,SIDEMEN SUPERBOWL ON GTA 5,2022-03-15T19:00:01Z,4476474,160483,0,1837
PqEVGdz_ZRo,"SIDEMEN $10,000 PARKOUR CHALLENGE",2022-03-12T19:00:07Z,3697917,124905,0,1739
8aGu9aIMah4,THE GREATEST EVER SIDEMEN MUKBANG,2022-03-03T19:00:06Z,2372828,88127,0,2080
LTBqSNJnxNA,SIDEMEN LOSE THEIR MINDS ON GTA 5,2022-02-26T19:00:06Z,4155366,162251,0,2415
eNX5I9Pzgsw,THE ULTIMATE SIDEMEN GAMESHOW,2022-02-24T19:00:10Z,2877389,121269,0,1578
SVe93jQP2EY,SIDEMEN MINIGOLF,2022-02-22T19:00:17Z,4313130,173899,0,2660
Gn-ITNbOqPQ,THE MOST OUTRAGEOUS GAME YET...,2022-02-19T19:00:10Z,1964928,91767,0,972
WYueeB1XV9I,SIDEMEN BATTLESHIPS ON GTA 5,2022-02-17T19:00:08Z,3856292,165470,0,2567
82fOkboxppE,SIDEMEN DISSTRACK SEASON 2.0,2022-02-15T20:30:00Z,2702665,125318,0,1501
4NCN_hzAPhQ,SIDEMEN vs SIDEMEN ON GTA 5,2022-02-12T19:00:02Z,3401500,132901,0,2254
z6JWNxibmqM,THE WORST SWAT TEAM OF ALL TIME (Ready Or Not),2022-02-11T20:30:04Z,4397652,179745,0,3091
L-tSskyLGRI,SIDEMEN SHAPESHIFTER AMONG US,2022-02-09T19:00:32Z,21271754,439697,0,6559
kYOIp4LcTLM,Sidemen play Golf It but the map is Impossible...,2022-02-05T19:00:16Z,3714021,116969,0,1135
YYmax6Qh2Hw,BRAND NEW SIDEMEN HORROR MOVIE,2022-02-03T19:00:07Z,2582513,126231,0,2211
z6JWNxibmqM,THE WORST SWAT TEAM OF ALL TIME (Ready Or Not),2022-02-11T20:30:04Z,4397652,179745,0,3091
L-tSskyLGRI,SIDEMEN SHAPESHIFTER AMONG US,2022-02-09T19:00:32Z,21271754,439697,0,6559
kYOIp4LcTLM,Sidemen play Golf It but the map is Impossible...,2022-02-05T19:00:16Z,3714021,116969,0,1135
YYmax6Qh2Hw,BRAND NEW SIDEMEN HORROR MOVIE,2022-02-03T19:00:07Z,2582513,126231,0,2211
ttn2nhcLEEU,SIDEMEN COPS VS ROBBERS ON GTA 5,2022-02-01T19:00:17Z,6447087,235865,0,2537
D2MdGllqX7k,The Sidemen have to split up...,2022-01-29T19:00:04Z,3881897,187434,0,5019
yAQqeRh0b3Y,NEW ROLES IN SIDEMEN AMONG US,2022-01-27T19:00:31Z,9927224,311388,0,3013
r2sCa_y6YeI,SIDEMEN EXTREME GRAND PRIX ON GTA 5,2022-01-25T19:00:31Z,7365121,222044,0,1817
EhjcQhEQDNM,SIDEMEN HELMET GAME,2022-01-22T19:00:09Z,8109739,409604,0,7632
XoJlg8ao7d8,KSI & W2S AMONG US MASTERCLASS,2022-01-20T19:00:10Z,15671524,396659,0,5256
rtVrjG_0X5A,SIDEMEN REVERSE HIDE & SEEK IN MARBELLA MANSION,2022-01-18T19:00:31Z,2955417,153686,0,2030
bAEM_eJmrT0,SIDEMEN BREAK PRO CLUBS WORLD RECORD,2022-01-15T19:00:21Z,3463312,111559,0,1603
UkvLWc0tD1I,SIDEMEN ARE HACKED ON GTA 5,2022-01-13T19:00:17Z,5576402,206336,0,2331
VCMI4_iWao8,SIDEMEN DARKEST SECRETS REVEALED,2022-01-11T20:15:01Z,2788312,126521,0,1031
FfcrdMokgZw,SIDEMEN GIANT RAMP ON GTA 5,2022-01-06T19:00:09Z,8216434,242619,0,3175
lmN0XiHGBJI,SIDEMEN NEW YEARS DAY GOLF,2022-01-04T19:00:14Z,2484668,99546,0,1258
jrDUceO7ewk,SIDEMEN CHRISTMAS RAP BATTLES,2022-01-01T20:30:05Z,2474690,125654,0,1872
5PVJEC_bprg,KSI QUITS ON GTA 5,2021-12-30T19:00:04Z,5007291,228241,0,4050
pL9pSiew0BE,THE LAST EVER SIDEMEN AMONG US...,2021-12-28T19:00:18Z,10496538,546853,0,7283
JnCqzpJ3CHE,SIDEMEN CHRISTMAS QUIZ,2021-12-25T19:00:04Z,3433104,160422,0,3799
EDwqvZhztbI,SIDEMEN GTA 5 CHRISTMAS SPECIAL,2021-12-23T19:00:12Z,6606142,219452,0,3133
1oQKN2GPI6k,6 SIDEMEN vs 1 FORTNITE PRO,2021-12-22T20:30:00Z,4458684,183046,0,4067
K2SnAT56poQ,SIDEMEN CROSSING BATTLE ROYALE,2021-12-21T19:00:06Z,5178350,185895,0,2134
hqg1NSvAHKY,SIDEMEN AMONG US but it's PURE CHAOS,2021-12-17T18:30:29Z,12865455,356192,0,3986
bFmvjZPVAJo,THE SIDEMEN FINALLY WIN SQUID GAME?,2021-12-14T19:00:17Z,2566512,107145,0,788
pGyObXARDaw,"SIDEMEN $10,000 CALL OUT PENALTIES",2021-12-11T19:00:14Z,7806149,228721,0,2929
Ws79ig1epEQ,SIDEMEN AMONG US IS BACK,2021-12-09T19:00:18Z,11842155,366766,0,6012
sInAHEafcdQ,SIDEMEN PASSWORD GAME,2021-12-08T20:00:25Z,4064363,165092,0,2423
nd7-rV3b2wI,SIDEMEN SQUID GAME VS 100 FANS,2021-12-07T21:45:04Z,3187826,124899,0,1261
wFVEgR0hyTk,SIDEMEN CATEGORIES,2021-12-04T18:00:21Z,4708421,206844,0,2564
oTXOE1cPK28,SIDEMEN FOOTBALL FORFEITS,2021-12-02T19:00:14Z,7619994,247547,0,3537
beMfjjtmUbk,SIDEMEN LEFT HAND DRAWING CHALLENGE,2021-11-30T19:00:11Z,2532508,112719,0,1253
NvzuzULtmlc,SIDEMEN MANHUNT IN GTA 5,2021-11-27T18:00:08Z,9169160,279280,0,2620
06aTF7z6V5Q,SIDEMEN GOOGLE OURSELVES,2021-11-25T19:00:00Z,6174646,280405,0,3843
nDXcuZw7CKA,SIDEMEN PRO CLUBS: OUR FASTEST TITLE EVER?!,2021-11-23T19:00:15Z,3180007,108128,0,1386
b191cr0B5X0,SIDEMEN NANDO'S MUKBANG,2021-11-20T18:00:10Z,6808069,228936,0,4319
2rykM9Ksn8k,MIKEL ARTETA RATES THE SIDEMENS FOOTBALL ABILITY,2021-11-18T18:00:01Z,8203992,288255,0,7605
RsDhEh3-9q4,SIDEMEN SQUID GAME GLASS BRIDGE CHALLENGE ON GTA 5,2021-11-16T19:03:58Z,5373571,199653,0,3711
b88P3DVJmRE,SIDEMEN PLAY SCUFFED SQUID GAME,2021-11-13T22:12:28Z,5697198,220030,0,3401
_F6q-3y6b9s,EXTREME SIDEMEN ADVENT CALENDAR FORFEITS,2021-11-11T18:00:13Z,5437929,209080,0,3701
kaxTz5y9O68,SIDEMEN PLAY GOLF IN TAKESHI'S CASTLE,2021-11-09T18:00:13Z,2624295,108902,0,1108
N22kl2d4ypE,THE SIDEMEN PLAY FIFA 22 PRO CLUBS,2021-11-06T20:30:01Z,4774448,150601,0,3514
S_IOdiORI2o,SIDEMEN 8 YEAR ANNIVERSARY ON GTA 5,2021-11-02T19:00:15Z,7094693,257366,0,4180
zUDlDQ4djPs,SIDEMEN PLAY THE SCARIEST GAME EVER,2021-10-30T19:00:30Z,5390856,185882,0,4106
ZimS3TJZZBY,SIDEMEN SQUID GAME ON GTA 5,2021-10-28T18:45:01Z,10905629,303980,0,6018
zdEdfWHoAe8,SIDEMEN OLYMPICS: THE NEW FASTEST SIDEMAN,2021-10-26T18:00:19Z,2453500,106824,0,1111
JZq0iMWbwHo,Trivial Pursuit but KSI's knowledge is massive,2021-10-23T21:30:00Z,2531322,127030,0,1741
nakwXYkAJTs,SIDEMEN PLAY COMPETITIVE TETRIS,2021-10-19T18:02:21Z,2811129,118226,0,1829
KLwXSKyOQyY,Gib annoys the Sidemen for 15 minutes straight,2021-10-12T19:00:05Z,2987146,119507,0,1436
NVjx59Pk15k,SIDEMEN PENALTY CHALLENGE VS 100 KIDS,2021-10-09T17:45:00Z,8341411,251161,0,4781
fgj_8_nWYOM,Stroking out with Your Friends! (Sidemen Gaming),2021-09-30T18:33:12Z,2601772,86210,0,1316
LWNUo7o9zcY,Gartic Phone but KSI is 100 years old...,2021-09-28T18:00:05Z,2890924,129568,0,1435
g8MaZk41YrE,THE MOST EPIC BATTLES IN GTA HISTORY,2021-09-25T18:00:11Z,4008217,154831,0,3770
1QrETMelt-Q,THE SIDEMEN BECOME 100THIEVES,2021-09-23T18:00:01Z,1976783,87032,0,1881
duBp-gP-sxo,THE NIGERIAN TAKEOVER: SIDEMEN OLYMPICS,2021-09-18T20:30:02Z,3853492,158857,0,2140
KQiW7R2Y3Io,The Sidemen being awkward around girls for 12 more minutes straight,2021-09-15T20:00:07Z,1506953,76047,0,993
cnVJymOzFXs,MOST SAVAGE TINDER LINES OF ALL TIME...,2021-09-09T18:00:11Z,4295671,194523,0,2541
RZVSuxh-32k,"LAST TO STOP PLAYING UNO WINS $10,000",2021-09-07T19:45:00Z,4160677,141209,0,2201
am0cOyXEG18,SIDEMEN OLYMPICS: GOING FOR GOLD!,2021-09-04T18:30:02Z,4153115,195557,0,3367
C9u77f-TnYY,SIDEMEN DESCRIBE CELEBRITIES IN ONE WORD,2021-09-02T18:00:07Z,5626056,221121,0,5401
lFgWzluCnEQ,SIDEMEN WORD ASSOCIATION,2021-08-31T18:30:35Z,5623995,225119,0,4555
PfDsKDHom2M,WOMEN RATE THE STRONGEST SIDEMEN,2021-08-28T18:00:04Z,4480467,144152,0,1926
pvvkXMauq3s,WOMEN RATE THE SMELLIEST SIDEMEN,2021-08-27T19:00:28Z,1111407,49793,0,1340
clX8pkkBPeg,*UNCUT* WOMEN GUESS THE LAZIEST SIDEMEN,2021-08-26T18:00:17Z,2280474,90811,0,3033
ZJzg0A3jHfw,SIDEMEN GUESS THE SONG REMATCH,2021-08-21T18:00:08Z,3097661,146640,0,2182
YPDZZZUEP6k,"SIDEMEN $30,000 TIKTOK GAME",2021-08-17T18:45:03Z,5195627,214573,0,3158
njVKovBOBeQ,THE ULTIMATE SIDEMEN PING PONG TOURNAMENT,2021-08-14T20:15:37Z,5338141,228808,0,6491
VitCtkvx5_Q,SIDEMEN GUESS THE SONG CHALLENGE,2021-08-11T19:00:19Z,5848491,244090,0,4161
GkbkdxdgOp8,KSI's voice cracks for 3 minutes straight,2021-08-09T19:00:04Z,1914306,128762,0,1804
FSHRA0NADdA,FIRST TO GUESS THE SIDEMEN PASSWORD WINS,2021-08-07T19:15:00Z,5247241,203962,0,3374
xjIJsBGkcmo,How to avoid getting cancelled...,2021-08-05T18:00:16Z,1717308,77659,0,1008
pIqwjLJzOSc,What really happened at Clash of Creators...,2021-07-27T20:00:11Z,1857768,97554,0,1615
mkPDjM6BbXo,The Harry Curse,2021-07-26T18:00:12Z,2124529,97116,0,1437
IDzD785OxI4,KSI vs W2S in GTA V!,2021-07-24T18:00:05Z,7081717,232790,0,3318
v33Ndy5zQGQ,DRAKE MESSAGES KSI DURING GTA V!,2021-07-20T18:00:15Z,7075762,259228,0,3631
eDTUVHodPWM,THE RACE YOU'VE ALL BEEN WAITING FOR...,2021-07-15T18:00:12Z,4306361,151225,0,3889
KISlIJDOMJU,HIDE & SEEK ON KSI’s PRIVATE JET,2021-07-10T18:00:06Z,10576418,529958,0,5704
mJL_-d4WHLA,QUIRKY QUIPLASH but Tobi hates Simon...,2021-07-06T18:15:01Z,2047777,89191,0,2161
UDJQLRRuB3E,The worst 26 minutes of Harry's life...,2021-06-26T18:00:05Z,5098776,173069,0,3475
LM4IQm2glpY,Trivial Pursuit but Harry is down bad... (Sidemen Gaming),2021-06-24T18:00:04Z,2378959,109990,0,1348
38uXpCzyL_I,SIDEMEN DRUNK BINGO: THE FINAL ROUND,2021-06-22T18:12:38Z,4069048,446365,0,4367
3rdWhh39Bbg,Gartic Phone but it's YouTube Boxing... (Sidemen Gaming),2021-06-19T21:00:01Z,2156293,101306,0,1936
YLlK6BOP7X0,SIDEMEN DRUNK BINGO,2021-06-17T20:04:04Z,10385038,350298,0,11673
TFKZGmc0Rgc,If you laugh you get cancelled...,2021-06-15T18:00:18Z,5243314,205622,0,2178
l3iDrxLneKM,THE SIDEMEN LOSE THEIR HEADS ON GTA 5...,2021-06-10T18:00:28Z,8591811,590464,0,4408
ZCQ_uEPc50Y,REACTING TO OUR PREMIER LEAGUE PREDICTIONS,2021-06-05T12:00:12Z,1348352,81601,0,2413
NE2tWmTAQSY,Sike.,2021-06-03T18:00:05Z,8998680,307568,0,5936
trITv558ebk,WE ARE THE BEST TEAM IN THE WORLD (Sidemen Pro Clubs),2021-06-01T18:00:16Z,3113830,102418,0,2080
PCDcC1Kb-Tc,GOLF WITH YOUR ENEMIES (Sidemen Gaming),2021-05-29T20:00:07Z,3295211,99476,0,1487
HvvH50jAc-M,The worst Sidemen drawings ever seen on YouTube...,2021-05-25T19:00:04Z,3436730,181880,0,3705
zC1PChh35d4,SIDEMEN OVERRATED OR UNDERRATED,2021-05-22T18:00:14Z,3030230,131612,0,3360
V0F1N1fZ2Zw,SIDEMEN PRO CLUBS WITH A SPECIAL GUEST,2021-05-18T18:00:07Z,2346083,91590,0,1906
hI0-jWfRKqI,7 SIDEMEN VS DREAM MINECRAFT MANHUNT,2021-05-15T19:15:01Z,13339083,617025,0,13252
0YHa-b0LmfU,MAD VERSE CITY but KSI can't rap...,2021-05-13T18:00:01Z,2401176,103686,0,2106
-177nYc5pWk,SIDEMEN FOOTBALL DARTS,2021-05-11T18:00:00Z,4101763,189572,0,3513
LpETKiFc-7I,THE LAST EVER SIDEMEN GTA,2021-05-08T19:00:10Z,11024783,287808,0,5817
ayThT5nop9Y,SIDEMEN FC JOIN THE SUPER LEAGUE,2021-05-06T18:00:01Z,3452699,115827,0,2077
aDdqgjjtYC4,SIDEMEN WOODWORK CHALLENGE,2021-05-01T18:30:00Z,5383795,186309,0,2924
sadohVSF2yc,SIDEMEN REACH 10 MILLION SUBSCRIBERS ON GTA V,2021-04-29T18:15:02Z,8757437,250312,0,3726
bd-NVweSDok,"7 SIDEMEN VS 1 ROCKET LEAGUE PRO for $10,000",2021-04-28T18:00:15Z,7669230,230195,0,5646
xZHugtbjH00,"SIDEMEN $10,000 CROSSBAR CHALLENGE",2021-04-15T18:00:13Z,7370363,241377,0,4178
23iIrc2X1aM,MONSTER TRUCK MADNESS in GTA 5,2021-04-13T18:00:00Z,5048681,164253,0,2423
iZLn0BE_BZY,KSI PROVES he's the BEST at FIFA,2021-04-10T18:00:16Z,4261553,136419,0,2708
pyMZhqzZnoI,Our GTA 5 Lobby was HACKED,2021-04-08T16:00:19Z,8195748,244386,0,4232
F9ZraLAwlLg,THE MOST EMBARRASSING SIDEMEN CLUBS EPISODE EVER...,2021-04-03T18:00:03Z,2448559,82594,0,1693
iiT8nsOLfz4,SIDEMEN DODGEBALL! (Knockout City),2021-04-01T16:30:02Z,1395126,63493,0,1373
gEIbo9dnQr0,How well do the Sidemen know W2S?,2021-03-30T18:00:13Z,3159004,144082,0,1789
oBqgpX1aKWU,"LAST SIDEMEN TO STOP RUNNING WINS $10,000",2021-03-25T18:48:28Z,9046756,322576,0,10131
jCr29oI727M,SIDEMEN HIDE AND SEEK IN GTA 5,2021-03-18T19:00:06Z,6691819,268097,0,3642
SdnfTPfmZ8M,HARRY CAUSES CHAOS (Sidemen Pro Clubs),2021-03-13T19:00:04Z,3554175,107205,0,2745
CjmHvvMKzKY,SIDEMEN CODENAMES but it's CUSTOMISED,2021-03-11T19:00:06Z,5012479,141803,0,2671
Hvabt_tyMDU,SIDEMEN GTA MADNESS IS BACK,2021-03-09T19:00:02Z,15651924,440060,0,9670
b7t3aYSSLgE,The most embarrassing Sidemen tweets of all time...,2021-03-02T19:00:07Z,5687275,198472,0,4764
OcFpzr7-A-k,THE FANBASE WAR (Sidemen Among Us),2021-02-25T20:30:04Z,9960552,326927,0,13179
BWCiMjcZ29s,ANOTHER QUESTIONABLE QUIPLASH (Sidemen Gaming),2021-02-23T19:00:09Z,3864123,146821,0,2883
pJpl1dw0yA0,KSI vs TOMMYINNIT FIGHT ON AMONG US,2021-02-18T19:00:07Z,10492236,379283,0,17963
cvrHJrqHzKE,QUIT THE SIDEMEN OR QUIT DRINKING?,2021-02-16T19:00:11Z,1688222,94204,0,1644
q26a93iES3E,SIDEMEN GUESS THE SONG CHALLENGE!,2021-02-13T19:00:07Z,7296568,291235,0,6451
6mSdjDcftx8,CHEATING AGAINST THE FANS? (Sidemen Geoguessr),2021-02-11T19:00:00Z,2715266,91541,0,1650
I4Bf_MfpdmU,THE SIDEMEN PLAY CODENAMES!,2021-02-09T19:00:08Z,5130347,155003,0,4311
3VdgJPcqCRE,ROAD TO RAGE QUIT! (Sidemen FIFA 21 Pro Clubs),2021-02-06T19:00:00Z,2878197,98681,0,2719
3AlSSsBTikA,ARE WE ALLOWED TO DRAW THIS? (Sidemen Gaming),2021-01-28T19:00:01Z,3508777,117669,0,2212
ObBlVjyOFKk,THE WORST CREWMATES OF ALL TIME (Sidemen Among Us Proximity),2021-01-26T19:00:04Z,12871049,302410,0,3685
ILQbY0tXIMI,THE BEST CLUBS SERIES ON YOUTUBE IS BACK! (Sidemen FIFA 21 Pro Clubs),2021-01-23T19:00:02Z,2670536,100900,0,2206
hJ2zT1laqys,SIDEMEN CHAOTIC TROLLING IN AMONG US PROXIMITY,2021-01-21T19:00:16Z,14419926,326714,0,3447
KJZr4J_438k,THE RAP BATTLES ARE BACK with JME (Sidemen Gaming),2021-01-19T19:00:03Z,3364536,158857,0,3849
22-67cbKCUU,KSI MASTERCLASS IN PROXIMITY MOD (Sidemen Among Us),2021-01-16T19:00:00Z,13472792,387858,0,4284
9F1-uYFA_3E,SIDEMEN 5 SECOND CHALLENGE,2021-01-14T20:00:04Z,10726112,376107,0,9348
IvS9ECKfRAQ,SIDEMEN GEOGUESSR BATTLE ROYALE!,2021-01-12T19:00:07Z,7845222,235715,0,4866
AQZ4_KB91E4,What was the best Sidemen Sunday video of 2020?,2021-01-09T19:00:04Z,2885136,103441,0,5472
QRM5PYKVxNk,SIDEMEN DESCRIBE YOUTUBERS IN ONE WORD,2021-01-02T19:00:04Z,6217866,237914,0,4627
2QMHouk8MnM,BEST OF SIDEMEN SUNDAYS 25,2021-01-01T19:00:00Z,1154736,51345,0,975
ALOLO03uMN8,SIDEMEN WOULD YOU RATHER 3,2020-12-31T19:00:03Z,7208674,270405,0,6785
r_0WGwrLsmE,I CAN'T BELIEVE WE'VE DONE THIS... (Sidemen Gaming),2020-12-26T19:00:07Z,3428192,135248,0,1918
i7HRizqSz0c,SIDEMEN SECRET SANTA,2020-12-24T22:30:02Z,9395603,339480,0,11598
tK42ju9IVEk,SIDEMEN GOALKEEPER CHALLENGE,2020-12-19T19:30:02Z,9614420,266162,0,5306
MTz-_aINRC8,SIDEMEN ELIMINATION PENALTIES,2020-12-10T19:00:10Z,5897938,234290,0,3476
iHhsf5bFyZs,KSI CARRIES THE SIDEMEN IN ROCKET LEAGUE (Sidemen Gaming),2020-12-08T19:00:14Z,4774616,147017,0,4274
A3CVHvCqouE,SIDEMEN FIND OUT THEIR FOOTBALL STATS,2020-12-05T20:00:05Z,15402861,428614,0,10353
6SeL7HBCdXs,WHAT ARE THESE WORDS... (Sidemen Gaming),2020-12-03T19:00:01Z,4354748,151824,0,2274
ZqFy4Je4X8w,SIDEMEN vs FAZE CLAN AMONG US but KSI has 1000 IQ,2020-12-01T19:00:06Z,6591909,295109,0,4791
DmKtsHmBMTc,SIDEMEN GIANT BALL PENALTY CHALLENGE,2020-11-28T19:00:03Z,5097677,229162,0,3115
17vKSJGoJOg,BEST OF SIDEMEN SUNDAYS 24,2020-11-27T19:00:01Z,1034412,41593,0,654
yF-GpeYC548,SIDEMEN AMONG US vs FAZE CLAN,2020-11-26T19:00:18Z,10706264,314852,0,5662
yoyJ6jRPgFo,SIDEMEN AMONG US IN REAL LIFE 2 *UNSEEN*,2020-11-24T19:00:18Z,3647966,178491,0,2971
tDp4QIigwp8,AMONG US IN GOLF IT! (Sidemen Gaming),2020-11-21T19:00:13Z,3011300,95182,0,1365
2yUX9EMuYls,BRAND NEW QUIPLASH! (Sidemen Gaming),2020-11-19T19:00:01Z,3184896,127656,0,2531
juA17vV5IPk,SIDEMEN BALL LAUNCHER CHALLENGE,2020-11-17T19:00:06Z,4965242,209430,0,3689
ue4aHmOvknU,WHO IS THE BEST SIDEMEN STRIKER?,2020-11-14T19:15:04Z,8824545,283951,0,7310
HNs3QUma1J8,WORKING ON OUR TEAM CHEMISTRY! (Sidemen FIFA 21 Pro Clubs),2020-11-12T19:00:02Z,3000522,106372,0,3248
QvmB6quMkRE,GOING FOR THE TITLE! (Sidemen FIFA 21 Pro Clubs),2020-11-10T19:00:03Z,2774821,105210,0,1873
hMUrj3haZPU,"SIDEMEN $20,000 AMONG US vs MR BEAST",2020-11-07T19:00:11Z,19947237,546999,0,6883
B7_YabsRU3Y,SIDEMEN AMONG US vs MR BEAST,2020-11-05T19:00:03Z,12255139,397102,0,7209
zk8OUtM35Ac,SIDEMEN INSULT EACH OTHER CHALLENGE,2020-11-03T19:00:18Z,5300058,214153,0,2912
jj7qdYJstSs,VIK IS A GOD AT ANY! (Sidemen FIFA 21 Pro Clubs),2020-10-31T19:00:15Z,4375759,145793,0,2425
Vz3ZF20nr2c,SIDEMEN play AMONG US but there's a 3rd IMPOSTOR (Sidemen Gaming),2020-10-29T19:00:12Z,12691392,347807,0,4499
m0wa8elQdGA,SIDEMEN AMONG US IN REAL LIFE *UNSEEN*,2020-10-27T19:00:06Z,3749344,201165,0,3520
-7OQMT_8FCo,"SIDEMEN play AMONG US but ""that's enough for me"" (Sidemen Gaming)",2020-10-22T18:00:00Z,10883016,324975,0,3589
3haxqXV_bmU,SIDEMEN play AMONG US but it's the STRANGEST play ever... (Sidemen Gaming),2020-10-20T18:00:00Z,17737671,434333,0,6557
8A3eWH8-nxE,"SIDEMEN AMONG US vs LAZARBEAM, LACHLAN & FRESH",2020-10-17T18:00:01Z,14923080,373825,0,7054
aqE5KwJcUq4,THE SIDEMEN PRO CLUBS JOURNEY BEGINS... (Sidemen FIFA 21 Pro Clubs),2020-10-15T18:00:00Z,4047847,158146,0,3865
7rXSXZLZNu0,SIDEMEN play AMONG US but Tobi gets his REVENGE (Sidemen Gaming),2020-10-13T18:00:02Z,12911457,385794,0,5578
48q4H-ZW8Lo,SIDEMEN play AMONG US but everyone RAGES at each other (Sidemen Gaming),2020-10-10T18:00:00Z,19709373,465081,0,7323
7wFgdzKMlEk,"SIDEMEN AMONG US vs PEWDIEPIE, DREAM & JACKSEPTICEYE",2020-10-08T18:00:02Z,11391962,403975,0,7371
QHkjRDqp4Do,SIDEMEN HIGHER OR LOWER (Spotify Monthly Listeners 2),2020-10-06T18:00:03Z,2746883,116494,0,3051
lL-df-6LGJA,SIDEMEN play AMONG US but everyone acts sus (Sidemen Gaming),2020-10-03T18:00:13Z,13984203,386468,0,6251
M4lNYz_iDnE,THE SIDEMEN ARE BACK ON ROCKET LEAGUE! (Sidemen Gaming),2020-10-02T19:15:01Z,3537229,129671,0,6669
hJ_0vSSZ_LY,SIDEMEN play AMONG US but everyone has -200 IQ (Sidemen Gaming),2020-10-01T18:00:07Z,19219566,453587,0,8546
E9bdMxOpm88,The SIDEMEN play AMONG US (Sidemen Gaming),2020-09-29T18:00:04Z,17936401,534107,0,11900
gpgBqMXK7co,LOGAN PAUL THREATENS KSI ON GTA V (Sidemen Gaming),2020-09-26T18:00:12Z,9001172,231009,0,5301
iQjQ20SourM,IS KSI ACTUALLY THE SMARTEST SIDEMAN? (Sidemen Gaming),2020-09-24T18:00:07Z,5004116,153842,0,4303
KeGADZxyZdA,SIDEMEN MINECRAFT MEME OLYMPICS (Sidemen Gaming),2020-09-22T18:00:03Z,7948901,229195,0,5164
e0Yj9xEaeDY,WHO'S THE SMARTEST SIDEMAN? (Sidemen Gaming),2020-09-17T18:00:05Z,2924412,112245,0,3567
9LxsTkxbuCk,BULLYING KSI ON FALL GUYS (Sidemen Gaming),2020-09-08T18:00:01Z,6376672,177121,0,3173
NK1ItUnytnQ,SIDEMEN HIGHER OR LOWER (Spotify Monthly Listeners),2020-09-05T18:00:03Z,4523782,158628,0,3409
KzuksDY5_OU,SIDEMEN RANK EVERY FALL GUYS LEVEL,2020-09-03T20:15:00Z,1221288,68120,0,2645
aIjOHcC9ePU,CAN WE ALL GET TO THE FINAL IN FALL GUYS? (Sidemen Gaming),2020-09-01T18:00:00Z,5778669,162070,0,3009
zVrlKV0yZTE,THE END OF CLUBS? (Sidemen Gaming),2020-08-29T18:00:09Z,2035700,91031,0,2482
suVfb1WmgdY,Do all the Sidemen think the same? #4,2020-08-27T18:00:11Z,4868217,203552,0,5710
ed6mFgMiqYA,"SIDEMEN $5,000 POKER NIGHT (with Lux & Freezy)",2020-08-26T20:23:08Z,4424426,87125,0,3171
4WRRlA1eWBQ,WORST SIDEMEN TRIMS OF ALL TIME...,2020-08-22T20:30:00Z,9932198,266108,0,7888
En2KKdese3A,GOING FOR THE DUB IN FALL GUYS (Sidemen Gaming),2020-08-18T18:00:06Z,5144404,196376,0,2930
7XvVaeVdPnQ,The SIDEMEN play FALL GUYS (Sidemen Gaming),2020-08-13T17:00:03Z,11206899,334484,0,8845
DbgaKvOs6P0,EMOTIONS RUNNING HIGH... (Sidemen Gaming),2020-08-11T18:00:04Z,1892221,88645,0,2639
YJxcTMumi0k,SIDEMEN FAST FOOD TIER LIST,2020-08-08T19:00:04Z,6033308,164409,0,9181
QBjftZl8PUw,DRAW MY THING but we kick each other from the game (Sidemen Gaming),2020-08-04T18:00:05Z,1941614,92069,0,1550
CTK_BuIsu4s,SURVIVAL OF THE WISEST (Sidemen Gaming),2020-08-01T18:00:01Z,1870158,77954,0,1510
VVn6eXms234,The SIDEMEN play TRIVIAL PURSUIT (Sidemen Gaming),2020-07-30T18:00:08Z,3249855,106541,0,3079
uuvP-C_iYY4,THE MYSTICAL FOREST (Sidemen Gaming),2020-07-28T18:00:17Z,3145322,93171,0,1543
-vMHqlUmJHw,MAD VERSES IN MAD VERSE CITY (Sidemen Gaming),2020-07-21T18:00:00Z,2715594,104926,0,2308
buquCsQmON8,"SIDEMEN $5,000 POKER TOURNAMENT!",2020-07-17T18:06:28Z,3119676,124922,0,6587
N_E7K94VURM,*UNSEEN* STRANGERS ROAST THE SIDEMEN 2,2020-07-16T18:00:07Z,1441821,67592,0,2370
wygYB8ZnSdI,BEST OF SIDEMEN SUNDAYS 20,2020-07-09T20:00:04Z,1255987,46550,0,946
AxgW9AGL6Fk,IT'S NOW OR NEVER! (Sidemen Gaming),2020-07-02T18:00:07Z,2117299,96920,0,6359
zh-YnpnKaG0,QUIPLASH SIDEMEN EDITION (Sidemen Gaming),2020-06-30T18:00:13Z,3725127,147098,0,2972
LR6kv-r9vlo,The SIDEMEN play ROLE MODELS (Sidemen Gaming),2020-06-25T18:00:04Z,2325487,90281,0,1520
jQqG3ge8d44,QUESTIONABLE QUIPLASH (Sidemen Gaming),2020-06-20T18:00:11Z,2405252,103022,0,2751
Jy9UgMjYYz8,GOLF but everyone quits (Sidemen Gaming),2020-06-13T18:00:03Z,4117347,136356,0,3916
PogxP4xE3SA,The SIDEMEN play SURVIVE THE INTERNET (Sidemen Gaming),2020-06-09T19:30:03Z,5261764,197850,0,3070
bB94HB8Yxy8,SIDEMEN TRIVIA NIGHT (Sidemen Gaming),2020-06-06T18:00:09Z,3695892,167103,0,2708
nZ1jv8h3FY0,QUIPLASH WITH THE BOYS (Sidemen Gaming),2020-05-23T18:00:20Z,3129728,119051,0,2051
Vb3h_pnAM64,SIDEMEN RATE THEIR OWN TIKTOKS,2020-05-12T18:00:17Z,5600984,164199,0,5129
e30kEA5DkKw,COMPLETELY APPROPRIATE QUIPLASH (Sidemen Gaming),2020-05-02T18:00:08Z,3181701,113305,0,3512
o-hdVKbgx0g,THE SIDEMEN RATE THEIR OWN SONGS,2020-04-24T18:00:14Z,7068285,211708,0,11584
olnkeZt5FTw,SIDEMEN ANSWER FAN ASSUMPTIONS,2020-04-16T18:00:21Z,6286684,180456,0,6421
BJq6VO2F3CY,A BRAND NEW GOLF MAP! (Sidemen Gaming),2020-04-14T18:00:02Z,4130633,112892,0,3042
fj-gPe2L6Ks,BEST OF SIDEMEN SUNDAYS 17,2020-04-10T19:00:12Z,2577615,63004,0,1169
8ASuvsqne1o,SIDEMEN MOST LIKELY TO...,2020-04-09T18:00:03Z,8384431,247704,0,5945
AmZG5MNia5A,WHO WILL WIN? (Sidemen Gaming),2020-04-07T18:00:07Z,3691845,100191,0,2564
Ht0Xye84xeU,TOP 50 SIDEMEN GTA MOMENTS,2020-04-03T19:00:04Z,8550650,178686,0,4082
Lvnwv7GQjqI,SELF ISOLATION QUIPLASH (Sidemen Gaming),2020-04-02T18:00:13Z,3308030,111731,0,1971
pz17AkH6Qi0,QUARANTINE GOLF (Sidemen Gaming),2020-03-31T20:30:02Z,2800388,93283,0,2334
bq8El22KcKQ,Do all the Sidemen think the same? #3,2020-03-21T20:00:29Z,6995482,247115,0,9793
T05cDC-etA0,Sidemen Sundays but it's only Stephen Tries,2020-03-13T19:00:05Z,10430559,276038,0,3677
-4n7rtnV5qg,SIDEMEN HORROR MOVIE (Sidemen Gaming),2020-03-12T19:00:00Z,2970319,94773,0,2473
h4z3nP-4cls,Do all the Sidemen think the same? #2,2020-03-07T17:00:09Z,5440910,180381,0,6435
mTdNizZqAUQ,THE WORST DRAWINGS EVER (Sidemen Gaming),2020-02-27T19:00:07Z,4391465,109858,0,1550
tekUc6OF58I,SIDEMEN 3v3 SURVIVAL FIFA,2020-02-25T19:00:12Z,4543797,140186,0,2981
Rb1mFiGbepE,WHO'S THE BEST RAPPER IN THE SIDEMEN? (Sidemen Gaming),2020-02-06T19:00:04Z,2732304,112935,0,3098
1qQIsTSYims,TAKING ON DIVISION 8 (Sidemen Gaming),2020-01-17T17:00:00Z,2629272,83238,0,1886
NWPKtPJXqbg,THE SIDEMEN PACK VAN DIJK - TOTY PACK OPENING,2020-01-10T20:15:00Z,6905743,166475,0,4707
fyTU2byDsrk,JJ'S FIRST WIN ON GOLF WITH FRIENDS? (Sidemen Gaming),2020-01-09T19:00:06Z,4540148,122676,0,2834
TazPnJdIW_c,THE SIDEMEN EMBARRASS JJ (Sidemen Gaming),2020-01-02T19:00:02Z,5994765,181640,0,6017
1NHZ2wSHpTQ,TOP 100 MOMENTS OF SIDEMEN 2019,2019-12-31T19:00:01Z,14733387,136904,0,3028
qDEM1OTq4i4,Do all the Sidemen think the same?,2019-12-28T15:00:19Z,12481375,371629,0,14808
wdr6dUkJ8fU,SIDEMEN SECRET SANTA,2019-12-24T19:00:10Z,8377665,238860,0,9580
dtNIbIedChg,Sidemen - The Gift Ft. S-X (Official Music Video),2019-12-15T19:46:18Z,28563649,783098,0,40083
h1JKzHPCGso,Sidemen - Merry Merry Christmas Ft. Jme & LayZ (Official Music Video),2019-12-15T19:46:17Z,30896972,752920,0,31710
M3lBGghZbeE,SIDEMEN YOUTUBE WHISPERS,2019-12-14T15:00:05Z,11488955,309013,0,5642
0zpM4usppOU,BEST OF SIDEMEN SUNDAYS 14,2019-12-13T19:00:00Z,1707186,36281,0,590
7CmPRrtzMrU,"SIDEMEN $20,000 VS $200 HOLIDAY (ORANGE TEAM EXTENDED CUT)",2019-11-30T22:15:00Z,8056489,126311,0,4205
i8CsPYuBLws,BEST OF SIDEMEN SUNDAYS 13,2019-11-28T19:00:04Z,2016646,61908,0,667
Atp_tHekXPg,WHO IS THE BEST SIDEMAN? (Sidemen Gaming),2019-11-21T19:00:00Z,2493746,86917,0,2106
D5UKvSahVVg,BEST OF SIDEMEN SATURDAYS 5,2019-11-13T19:00:03Z,1004322,33318,0,679
fmvJzLgb0l0,SIDEMEN CHARADES,2019-11-05T19:00:06Z,6504296,206058,0,4128
697Lnr9rUuM,SIDEMEN GTA DEATH RUN (Sidemen Gaming),2019-10-31T19:00:01Z,5480019,125297,0,2142
3OZLXjCIUcQ,HOW MANY YOUTUBERS CAN YOU NAME? - SIDEMEN CATEGORIES,2019-10-26T14:00:00Z,10837308,248891,0,6423
A3myGj6yAuo,VIK PLAYS AS ANY - SIDEMEN FIFA 20 PRO CLUBS (Sidemen Gaming),2019-10-24T17:00:01Z,2095381,57877,0,1277
JuIqQ8C88_8,THE SIDEMEN PLAY GTA (Sidemen Gaming),2019-10-17T17:00:02Z,6786374,347307,0,3406
fYkNYA1-pjg,SIDEMEN REVERSE HIDE & SEEK IN A THEME PARK,2019-10-15T17:00:07Z,4949773,183749,0,4802
bTvoLbBZXDM,"JOSH VS TOBI - SIDEMEN FIFA 20 $10,000 ROYAL RUMBLE FINAL",2019-10-12T17:15:01Z,1467882,62654,0,1488
5Wy6IWH-oMA,"JJ VS JOSH - SIDEMEN FIFA 20 $10,000 ROYAL RUMBLE",2019-10-09T19:30:00Z,1978321,76903,0,2199
R0j_d88VPMU,"SIMON VS HARRY - SIDEMEN FIFA 20 $10,000 ROYAL RUMBLE",2019-10-08T20:15:00Z,2265313,91671,0,2831
5IFXVNUJSvY,SIDEMEN BEST OF SEPTEMBER 2019,2019-10-04T21:00:02Z,936882,25809,0,555
1ei355BrtVo,SIDEMEN CROSSING CHALLENGE,2019-09-24T17:00:00Z,6134464,189591,0,3579
TLDyhCqaNE8,SIDEMEN HOUSE CHALLENGE IN MINECRAFT (Sidemen Gaming),2019-09-19T17:00:05Z,14292899,245663,0,6107
RoT5HgSBeu4,SIDEMEN BEST OF AUGUST 2019,2019-09-18T18:00:05Z,1062949,27897,0,554
agwz259Phss,THE SIDEMEN HITTING THE CROSSBAR FOR 10 MINUTES,2019-09-12T18:30:05Z,1225323,46419,0,2107
bNeVLx6yqe0,The SIDEMEN CHOOSE WORDS in DRAW MY THING (Sidemen Gaming),2019-09-09T17:00:09Z,4907534,123086,0,2134
M2UlCbw8zp8,All of Harry's terrible pick up lines from SIDEMEN TINDER,2019-08-30T17:00:03Z,19060221,476574,0,9585
6ZeIH1iss4U,KSI SWITCHES SIDES (Minecraft SIDECRAFT #3),2019-08-08T17:00:00Z,5542523,140248,0,5076
